{"450": {"frm_cogitation": [[[37.4, 44.4], [29.007, 30.063000000000002]], [[48.8, 58.0], [30.096, 30.921000000000003]]], "frm_coming_to_believe": [], "frm_categorization": [[[37.4, 44.4], [29.007, 30.063000000000002]], [[45.6, 50.2], [29.007, 30.063000000000002]]]}}