{"1": {"frm_cogitation": [[[37.4, 44.4], [30.096, 32.043]]]}, "2": {}, "3": {}, "4": {}, "5": {}, "6": {}, "7": {}, "8": {"frm_categorization": [[[83.0, 87.0], [65.14200000000001, 67.122]], [[83.0, 87.0], [65.14200000000001, 67.122]]]}, "9": {}, "10": {}, "11": {}, "12": {}, "13": {}, "14": {}, "15": {}, "16": {"frm_cogitation": [[[165.0, 167.0], [130.911, 135.729]]]}, "17": {}, "18": {}, "19": {}, "20": {}, "21": {}, "22": {}, "23": {}, "24": {}, "25": {}, "26": {}, "27": {}, "28": {}, "29": {}, "30": {}, "31": {}, "32": {}, "33": {}, "34": {}, "35": {}, "36": {}, "37": {}, "38": {}, "39": {}, "40": {}, "41": {}, "42": {}, "43": {}, "44": {}, "45": {}, "46": {}, "47": {}, "48": {}, "49": {}, "50": {}, "51": {}, "52": {}, "53": {}, "54": {}, "55": {}, "56": {}, "57": {}, "58": {}, "59": {}, "60": {}, "61": {}, "62": {}, "63": {}, "64": {}, "65": {}, "66": {}, "67": {}, "68": {}, "69": {}, "70": {}, "71": {}, "72": {}, "73": {}, "74": {}, "75": {}}