{"72": {"frm_cogitation": [[[37.4, 44.4], [30.096, 32.043]], [[165.0, 167.0], [30.096, 32.043]]], "frm_coming_to_believe": [], "frm_categorization": [[[45.6, 50.2], [65.14200000000001, 67.122]], [[83.0, 87.0], [65.14200000000001, 67.122]]]}}